pos,A,C,D,E,F,G,H,I,K,L,M,N,P,Q,R,S,T,W,Y,V,X,-
0,0.004286234267055988,0.0019150872249156237,0.02047947235405445,0.3997633755207062,0.0011333690490573645,0.0010423624189570546,0.003375932341441512,0.0015314253978431225,0.007121735718101263,0.00035713426768779755,0.00031285948352888227,0.0019906966481357813,0.0005275786970742047,0.5310813784599304,0.004767240025103092,0.0014385889517143369,0.0006304242415353656,0.0051483893766999245,0.0031028480734676123,0.004000072367489338,0.005464911926537752,0.0005288380198180676
1,0.001508783781901002,8.109599002636969e-05,0.00027830753242596984,0.000547262781765312,0.0004547797725535929,0.00010930145799648017,0.00025727483443915844,0.004176287911832333,0.00017444782133679837,0.0017640243750065565,0.0008939222316257656,0.00033287887345068157,0.0004594486381392926,0.0010170901659876108,0.0001816560106817633,5.8164609072264284e-05,4.253961014910601e-05,5.8270208683097735e-05,3.703900802065618e-05,0.9869763255119324,0.0005656841094605625,2.5267156161135063e-05
2,0.0008889308664947748,0.0006760453106835485,0.0009358100360259414,0.004680217243731022,0.00022956938482820988,6.447246414609253e-05,0.004251063801348209,0.0011187850032001734,0.09970604628324509,0.000455885601695627,0.0003101311158388853,0.0029459462966769934,0.00041824663639999926,0.8697324991226196,0.0065058027394115925,0.0014097790699452162,0.0014300384791567922,0.0021176019217818975,0.0003231715818401426,0.0010428321547806263,0.0005483722779899836,0.00020878383656963706
3,0.0002702997298911214,0.00039414101047441363,3.789898255490698e-05,2.3760814656270668e-05,0.00038028345443308353,0.0002945349260699004,0.0001371371909044683,0.00040248301229439676,6.029040378052741e-05,0.9882456064224243,0.0019754902459681034,1.697276638878975e-05,0.0005357820773497224,0.0006800764822401106,6.966410728637129e-05,2.2859227101434954e-05,5.617754504783079e-05,0.00012697299825958908,4.365654967841692e-05,0.005277586169540882,5.874350244994275e-05,0.000889524060767144
4,0.007803890388458967,0.00019967224216088653,0.00014084675058256835,0.022605478763580322,0.0017370703862980008,0.0011088602477684617,0.0008654313860461116,0.0023562167771160603,0.009672015905380249,0.11551342904567719,0.0014338726177811623,0.00031146645778790116,0.003155386308208108,0.1388290375471115,0.004749604035168886,0.000865764042828232,0.0015907527413219213,0.00032178248511627316,7.711504440521821e-05,0.6859598755836487,0.0006886583287268877,1.3830252100888174e-05
5,0.0001989835436688736,0.0005178047576919198,7.293562521226704e-05,0.921187698841095,1.7127471437561326e-05,0.0004853565478697419,8.854937186697498e-05,0.00020178561680950224,3.109675390078337e-06,4.998332588002086e-05,1.3932119145465549e-05,1.0697418474592268e-05,2.840022716554813e-05,0.075621098279953,0.00026899142540059984,0.00030498983687721193,0.00010249166371067986,2.960936581075657e-05,0.0003846669860649854,0.0002057680394500494,0.00020018704526592046,5.853640232089674e-06
6,1.4757088138139807e-05,0.0003498038277029991,0.0001703664311207831,0.00016777985729277134,4.676849493989721e-05,5.434747799881734e-05,0.0009452493395656347,0.00011740186891984195,3.1977797334548086e-05,3.7840633012820035e-05,0.00029126377194188535,0.0003337757370900363,0.01047162152826786,2.1065341570647433e-05,0.0004993184702470899,0.9753473997116089,0.00729982228949666,0.0013531732838600874,0.0007495282916352153,7.942186493892223e-05,0.0012120134197175503,0.00040538457687944174
7,4.743390945805004e-06,9.345673606730998e-05,2.5187504434143193e-05,0.002027275739237666,3.860549986711703e-05,0.996831476688385,3.867718987748958e-06,6.832454528193921e-05,1.4265848221839406e-05,1.3023649444221519e-05,0.00020994982332922518,4.027852355648065e-06,4.5297529140952975e-05,9.312559268437326e-05,0.0001819919270928949,0.00012303097173571587,2.2468909719464136e-06,7.442718924721703e-05,5.218265505391173e-05,4.0671583434459535e-08,5.022517507313751e-05,4.318727587815374e-05
8,0.0005797725752927363,1.873422479548026e-05,9.859545389190316e-05,4.650848131859675e-05,2.239785317215137e-06,0.9982486963272095,3.611465444919304e-06,1.2890445759694558e-06,0.0002877598744817078,3.182747150276555e-07,1.0541740266489796e-05,1.1965149496973027e-05,0.0002033723285421729,2.5540223305142717e-06,0.00026498863007873297,2.6830726710613817e-05,1.3673455214302521e-05,2.306855640199501e-05,3.691193796839798e-06,1.3347025742405094e-06,3.894216933986172e-05,0.00011145137978019193
9,0.0047548203729093075,9.044414764503017e-05,0.009605595842003822,0.0038691284134984016,0.00010720901627792045,0.971836507320404,5.959448026260361e-05,0.00015584171342197806,0.00022234040079638362,2.0578767362167127e-05,2.1446443497552536e-05,0.0016285576857626438,0.0003073856350965798,0.0002564516616985202,0.0027169769164174795,0.0024404404684901237,0.0009505971684120595,5.973655788693577e-05,0.0002870013995561749,0.0005393659230321646,6.622621731366962e-05,3.7250067634886364e-06
10,0.0006104814819991589,4.690905370807741e-06,0.0003916047280654311,2.7570599741011392e-06,0.0011604358442127705,0.0016227354062721133,0.00011722221825039014,0.0017909003654494882,0.00025827373610809445,0.9773905873298645,0.002195596694946289,0.0006796026136726141,0.0007540902588516474,2.6039137082989328e-05,0.0005148060154169798,0.005747851449996233,0.0003392328508198261,5.80802816330106e-06,7.05829297658056e-05,0.006175958085805178,0.00013982511882204562,8.53901838127058e-07
11,0.001168298302218318,3.282999387010932e-05,0.00020623274031095207,0.00015581923071295023,0.0004653309879358858,1.0591842283247388e-06,0.0011485435534268618,0.0030309378635138273,0.0012337260413914919,0.0023232148960232735,0.0011479768436402082,0.00013279409904498607,0.00035415354068391025,0.0001915876637212932,0.0007267569890245795,0.00023207103367894888,7.247746543725953e-05,9.907519427088118e-08,5.269271241559181e-06,0.9866632223129272,0.0007076272158883512,1.7652354245001334e-08
12,0.0003359828842803836,0.00043509426177479327,6.477344868471846e-05,0.001147627830505371,0.000187079596798867,4.687813941472996e-07,0.003893554210662842,0.0016391841927543283,0.06418339163064957,0.00018237819313071668,0.00010475545423105359,0.0002575968101155013,0.00022342908778227866,0.9161339402198792,0.009557998739182949,0.00024388564634136856,0.0008306561503559351,2.553788544901181e-05,3.332846245029941e-05,0.00040595934842713177,9.817018872126937e-05,1.5146216355788056e-05
13,0.23950178921222687,2.158745519409422e-05,0.00021142243349459022,0.0004216441011521965,0.00017689383821561933,1.7115135051426478e-05,0.000997578608803451,0.0002599123399704695,0.001291109248995781,0.012688679620623589,3.379756890353747e-05,3.122552152490243e-05,0.7256317734718323,0.0037466986104846,0.0006708804285153747,0.00029753477429039776,0.0012659720377996564,0.0002841304522007704,0.00022845659987069666,0.010417445562779903,0.0017454384360462427,5.8976504078600556e-05
14,0.00010309011850040406,1.3553267308452632e-06,3.0996128771221265e-05,2.906229747168254e-05,2.0536957890726626e-05,0.9962978959083557,4.773668820234889e-07,3.573661615519086e-06,0.00226995418779552,6.683237643301254e-06,3.335547080496326e-05,1.4462953004112933e-05,0.0001256809482583776,4.842621365241939e-06,4.050943243782967e-05,0.00016175457858480513,2.385916559433099e-05,0.0004150579625274986,1.0581332389847375e-05,5.679304990735545e-07,1.9449546016403474e-05,0.00038635870441794395
15,0.005473345518112183,0.0009140486363321543,0.003826683387160301,0.006361018866300583,0.0002171415981138125,0.9521545171737671,0.0003260032972320914,0.0009158181492239237,0.0019757067784667015,0.00045942518045194447,0.001032437663525343,0.00023765198420733213,0.0006275526247918606,0.0007947324775159359,0.020476510748267174,0.001343362731859088,0.0006286554271355271,0.0003252491296734661,0.001123111112974584,0.0004749052750412375,0.00011305549560347572,0.00019899237668141723
16,0.00013303523883223534,0.0003585466183722019,3.886476406478323e-05,0.0009006329346448183,0.00013683346332982183,0.000557606341317296,0.000278035324299708,0.0002597787242848426,0.0011894484050571918,2.8466954972827807e-05,0.0004278208361938596,0.0014058949891477823,0.0002297511964570731,0.00016797243733890355,0.012872380204498768,0.9784720540046692,0.002182248281314969,0.0002590269432403147,7.985156116774306e-05,1.7025358829414472e-05,4.7446819735341705e-06,8.282072627707748e-08
17,0.0007614524802193046,0.0047556208446621895,0.0006507677026093006,0.0007467634277418256,0.0013813505647704005,6.110427057137713e-05,0.005402651149779558,0.0044152927584946156,0.00021293669124133885,0.8801416158676147,0.07717449218034744,0.0003732023178599775,0.0006392985815182328,0.002982711186632514,0.0013688536128029227,0.0005874790949746966,0.00017305125948041677,8.279080248030368e-06,0.000235454979701899,0.017450889572501183,0.00043513960554264486,4.16679831687361e-05
18,0.00350779527798295,0.00024615530855953693,0.0036145776975899935,0.0009196771425195038,0.0001935772888828069,0.0001343169278698042,0.001408389420248568,0.0009298407239839435,0.49133697152137756,5.967751349089667e-05,0.00021841081616003066,0.0022866129875183105,0.00012265601253602654,0.0003583544457796961,0.44414129853248596,0.01712837815284729,0.03209497407078743,1.8577438822831027e-05,0.0005667011719197035,0.0004827056545764208,8.646024798508734e-05,0.00014384799578692764
19,1.3383299119595904e-05,5.057680027675815e-06,6.822264140282641e-07,2.7297187443764415e-07,0.00011338145122863352,3.888723767886404e-06,8.551064070161374e-07,0.010446320287883282,2.2352909923029074e-07,0.9866114854812622,0.0012012362712994218,9.65401795838261e-06,1.0875648513319902e-05,8.017582899810805e-07,5.451864808492246e-07,9.077888876163343e-07,9.34230956772808e-06,1.412980509485351e-06,3.1502956971962703e-06,0.0015426856698468328,7.506734618800692e-06,1.615785004105419e-05
20,0.004178802017122507,1.0198071322520263e-05,0.000593845674302429,7.712233491474763e-05,4.927363625029102e-05,5.777542810392333e-06,0.00014270874089561403,1.713006895442959e-05,0.0003088802914135158,1.0339771279177512e-06,5.344215423974674e-06,0.0006026446935720742,0.0016650563338771462,8.809583050606307e-06,8.42981826281175e-05,0.9807994365692139,0.010880548506975174,2.2907617676537484e-05,0.00032264692708849907,0.00017381411453243345,4.972648821421899e-05,6.292497545246079e-08
21,0.00046566102537326515,0.9888669848442078,0.0005694153951480985,0.0009760872926563025,7.379887392744422e-05,0.0005588523345068097,0.00035914446925744414,0.0019685488659888506,6.011613095324719e-06,0.00035846076207235456,0.0005015363567508757,8.130330570566002e-06,5.629524366668193e-06,0.0019253515638411045,0.0004170426109340042,3.722554902196862e-05,0.00040997593896463513,2.0860022686974844e-07,0.00010152446338906884,0.002378723118454218,9.607419087842572e-06,1.9586022972362116e-06
22,0.4949614107608795,0.0003060651069972664,0.0007923721568658948,0.009116996079683304,0.0005624262848868966,0.00023540704569313675,0.006602437701076269,8.315035665873438e-05,0.004206124693155289,0.0001006431266432628,6.773298810003325e-05,0.0008614450343884528,0.00482200039550662,0.00398505013436079,0.002776672365143895,0.003477238118648529,0.024281958118081093,0.0002812840975821018,0.0007916836766526103,0.44159501791000366,9.270387818105519e-05,1.9246306237619137e-07
23,0.7379888296127319,0.00029035669285804033,0.0010267063044011593,0.007365330122411251,0.01069412287324667,0.0005066400626674294,0.00020381904323585331,0.0039199539460241795,0.0005873171612620354,0.0006006695912219584,0.0009087658836506307,0.0007635510992258787,0.007333988323807716,0.0013172323815524578,0.0001470742718083784,0.0016436262521892786,0.14947384595870972,0.0005880583776161075,0.0014759788755327463,0.0729718804359436,0.00019197950314264745,3.4520024883022415e-07
24,5.399481960921548e-05,0.00019378082652110606,0.00018549899687059224,0.00018116907449439168,0.0007047401741147041,1.184787106467411e-05,0.0005855855997651815,2.7841291739605367e-05,0.00016107135161291808,9.798251994652674e-06,0.000455024215625599,0.00011171907681273296,0.0007522058440372348,8.138463454088196e-05,0.00032617495162412524,0.9945603013038635,0.0008835503249429166,1.6087784388219006e-05,0.0005584675818681717,2.2333120796247385e-05,0.00011665105557767674,7.773547281431092e-07
25,0.00010082368680741638,0.00020516509539447725,0.0003462162858340889,0.00436547864228487,3.946790002373746e-06,0.9921628832817078,1.7730520994518884e-05,6.642234438913874e-06,1.562656689202413e-05,1.261763372895075e-06,3.945115167880431e-06,2.094678347930312e-05,8.086983598332154e-07,0.00013073001173324883,0.0024062443990260363,0.0001901562645798549,2.2268652628554264e-06,5.547154160012724e-06,1.234510273206979e-05,7.62927527375723e-07,5.45270438578882e-07,1.2160005224970405e-09
26,0.0010911250719800591,0.00014223952894099057,0.0010093407472595572,0.000813688151538372,0.9521692395210266,0.006251240614801645,0.0004916284815408289,0.0016609205631539226,0.0013999511720612645,0.005240653175860643,0.00019115991017315537,0.00047260557767003775,0.0021255635656416416,0.00019523923401720822,0.0036441958509385586,0.0009171817800961435,0.0003007221675943583,0.0003839943092316389,0.02026265673339367,0.0010536893969401717,0.00018209096742793918,9.985261613110197e-07
27,0.008359795436263084,0.00018659736088011414,0.008258387446403503,0.0025540837086737156,0.0018023771699517965,0.0002567386836744845,0.0008707048837095499,0.01207941398024559,0.02544376812875271,0.001414358732290566,0.00019904790678992867,0.0396893210709095,0.009345381520688534,0.00023732890258543193,0.041218265891075134,0.09680461138486862,0.7368806600570679,0.004042268730700016,0.002936264732852578,0.004837558604776859,0.002468325663357973,0.00011470841127447784
28,0.00019930956477764994,0.00013308571942616254,0.0035490693990141153,0.0006559636094607413,0.8353102207183838,0.00046276961802504957,0.0003116794105153531,0.0904703140258789,0.000410489592468366,0.010791068896651268,0.00601504510268569,0.004791330546140671,0.0010628034360706806,6.247717828955501e-05,0.000635359319858253,0.006773036438971758,0.002506058430299163,0.00010918961197603494,0.015097095631062984,0.01945611834526062,0.0011969739571213722,6.004652846058889e-07
29,0.003225924912840128,0.00018900199211202562,0.004181882832199335,0.0016887305537238717,0.0012740412494167686,0.0026984342839568853,0.0045568556524813175,0.011733001098036766,0.039978623390197754,0.00825459137558937,0.0007906071841716766,0.04069908708333969,0.0037033832632005215,0.0016657423693686724,0.050353582948446274,0.7747060656547546,0.04489766061306,0.0005098223336972296,0.0029437041375786066,0.0014953434001654387,0.0004352812247816473,1.862346653069835e-05
30,0.010982116684317589,0.00040424286271445453,0.4471348822116852,0.007231732830405235,0.0026577902026474476,0.00016450873226858675,0.020333724096417427,0.012969546020030975,0.012807785533368587,0.0006915951380506158,0.0006862275185994804,0.2376275211572647,0.004895002115517855,0.00020937879162374884,0.025776773691177368,0.06671257317066193,0.12190968543291092,0.0018769149901345372,0.010546248406171799,0.013471036218106747,0.0008955678204074502,1.5142159099923447e-05
31,0.1385461390018463,0.005491867195814848,0.024185527116060257,0.0052727279253304005,0.15875233709812164,0.0036693979054689407,0.05880070850253105,0.002304336754605174,0.00776307238265872,0.009656373411417007,0.003593375673517585,0.010494503192603588,0.013987562619149685,0.004697015509009361,0.006622883956879377,0.0317348912358284,0.016063589602708817,0.000629897287581116,0.49178317189216614,0.005247550550848246,0.00038053045864216983,0.00032248999923467636
32,0.08942341804504395,0.0019084709929302335,0.016761096194386482,0.009840831160545349,0.002715868642553687,0.008916644379496574,0.015806514769792557,0.003803081577643752,0.005956767126917839,0.011341740377247334,0.0029671243391931057,0.019715869799256325,0.0109410360455513,0.011014393530786037,0.015399993397295475,0.017789321020245552,0.060640789568424225,0.5882620811462402,0.08477675169706345,0.008942434564232826,0.001057406421750784,0.012018314562737942
33,0.0009828859474509954,7.419590838253498e-05,7.322787132579833e-05,7.72532875998877e-05,0.003792277304455638,0.0026940570678561926,3.118378663202748e-05,0.04879011958837509,2.025575486186426e-05,0.0036976381670683622,0.9315861463546753,0.00012990296818315983,0.0007381428149528801,7.25616846466437e-05,5.954780135652982e-05,0.0003734576457645744,0.0004778356815222651,0.0016392545076087117,5.2744402637472376e-05,0.0045356289483606815,4.483520024223253e-05,5.681949915015139e-05
34,0.013842769898474216,0.01714814454317093,0.019016442820429802,0.006824413314461708,0.003941006027162075,0.007216394878923893,0.2620013356208801,0.0016541838413104415,0.002136669121682644,0.009473291225731373,0.009670617990195751,0.10581494867801666,0.0016157252248376608,0.07275477051734924,0.004550756886601448,0.2961086928844452,0.07038042694330215,0.03315109759569168,0.0605594702064991,0.0009926243219524622,0.0009622358484193683,0.0001839684700826183
35,4.420075492816977e-05,0.0007781673921272159,0.00010542459494899958,6.669602589681745e-05,0.00023090180184226483,0.0004689923080150038,0.00023155828239396214,0.0016483537619933486,1.7612596820981707e-06,0.00016530395078007132,0.004673055373132229,0.000509108416736126,0.00020155252423137426,0.0011134276865050197,6.306270370259881e-05,0.0002488867612555623,0.001355298445560038,0.9870534539222717,0.00019562528177630156,0.0005782250082120299,1.7311425835941918e-05,0.00024967602803371847
36,0.0012780902907252312,0.0004357668221928179,0.0007479400373995304,0.0004105862753931433,0.001422233646735549,0.00011752667342079803,0.00046098127495497465,0.03163659945130348,8.12308201147971e-07,0.010471458546817303,0.0021423005964607,0.00014788204862270504,0.00027109135407954454,0.000732000102289021,0.0006900973385199904,0.00013915436284150928,0.0001219975165440701,0.00010948182898573577,0.0012476217234507203,0.9472560882568359,0.0001596849615452811,5.707415198230592e-07
37,0.011134293861687183,3.075559652643278e-05,0.00022971312864683568,0.00324231362901628,2.568040872574784e-05,0.0020350206177681684,0.0018296960042789578,0.0001331798848696053,0.07283929735422134,0.0003806633176282048,8.251278632087633e-05,0.0013530664145946503,0.00011078252282459289,0.02151523530483246,0.8791243433952332,0.0012245241086930037,0.0004473688604775816,9.65961953625083e-05,4.9229634896619245e-05,0.0037625073455274105,0.00035133425262756646,1.7990541891776957e-06
38,0.0027793690096586943,0.0003512320981826633,0.0024665973614901304,0.0007587430882267654,0.0004916412872262299,0.0001103999893530272,0.0016926892567425966,0.0009873105445876718,0.002247133059427142,0.007366445381194353,2.61551613220945e-05,7.968422869453207e-05,0.0017726293299347162,0.9671686887741089,0.0023118495009839535,8.966839959612116e-05,0.0002476619847584516,2.364908141316846e-05,0.0007303914171643555,0.007797103375196457,0.0005000527016818523,8.327795057994081e-07
39,0.00907780323177576,0.0001072877857950516,0.00093039934290573,0.00011906259169336408,0.0008148398483172059,7.460629421984777e-05,0.0017903393600136042,0.0014138418482616544,0.0014834277098998427,0.0002855487691704184,0.0019843359477818012,0.002037610625848174,0.0700359120965004,0.00029834453016519547,0.005506774410605431,0.8448569774627686,0.05610712617635727,0.00030404553399421275,0.0007398023153655231,0.0016095240134745836,0.00040925992652773857,1.3096342627250124e-05
40,0.015422708354890347,7.638355600647628e-05,9.018844866659492e-05,7.231439212773694e-06,3.9641741750529036e-05,0.00041848988621495664,0.0041016507893800735,0.0002880725951399654,0.0015239606145769358,0.005188934970647097,0.00022454593272414058,0.000973828136920929,0.9568163752555847,4.1979642446676735e-06,0.0003485648485366255,0.00404971931129694,0.000711524102371186,4.9981990741798654e-05,1.0040203960670624e-05,0.009485765360295773,0.00016812134708743542,1.8036061533166503e-08
41,0.000593994336668402,5.742716894019395e-05,0.006466039456427097,0.9668464064598083,0.00024424391449429095,0.00022836860443931073,0.0009050964727066457,0.0002628714428283274,0.011937154456973076,7.98817472968949e-06,6.201575160957873e-05,0.003179767169058323,0.0001706306211417541,0.0013560266233980656,0.002708470681682229,0.0017193617532029748,8.024921407923102e-05,0.00024162573390640318,0.0018209045520052314,0.00014779556659050286,0.0009497965220361948,1.3751797268923838e-05
42,0.002196547109633684,4.783308759215288e-05,0.0006806941819377244,0.0022790832445025444,5.1969705054943915e-06,2.7524820325197652e-05,0.01972883567214012,5.582409357884899e-06,0.9314875602722168,3.065159035031684e-05,1.2290235645195935e-05,0.005467812996357679,0.001443954068236053,0.006574732717126608,0.023375138640403748,0.003470434108749032,0.0002461335971020162,0.00035254351678304374,0.0019448415841907263,7.61347619118169e-05,0.0004296778643038124,0.00011667559010675177
43,2.389734254393261e-05,2.217905603174586e-06,1.133096247940557e-05,6.5376389102311805e-06,8.297392014355864e-06,0.9997715353965759,2.6171136369157466e-07,2.605097733976436e-06,9.758794476510957e-06,6.963771284063114e-07,3.063717713303049e-06,4.5469661813513085e-07,7.848541827115696e-06,1.5489340512431227e-06,0.00010356948769185692,2.3037435312289745e-05,1.5878184456141753e-07,3.268761929575703e-06,1.0476750503585208e-05,9.617768803593663e-09,3.4875799315159384e-07,9.108826816373039e-06
44,0.0012327441945672035,0.00015189655823633075,0.00011918745440198109,0.00017007878341246396,0.01838482916355133,0.0005804735119454563,0.0021251991856843233,0.00020475425117183477,0.007996642962098122,0.9250137209892273,0.009757595136761665,0.00014465430285781622,0.02379722148180008,0.00011021619866369292,0.0051443022675812244,0.0001042044023051858,0.00043480852036736906,0.002421535085886717,0.0003941238974221051,0.000497892964631319,0.0001143247282016091,0.001099427230656147
45,2.1589019524981268e-05,0.00016224967839661986,0.0005031716427765787,0.9947585463523865,0.00033446724410168827,0.0013798564905300736,4.6700151870027184e-05,5.448482625070028e-05,0.00011290788097539917,1.2744946616294328e-05,7.374525011982769e-05,0.0008233446860685945,1.8028428883098968e-07,0.0008293200517073274,0.00010064123489428312,1.0302732334821485e-05,9.014021088660229e-06,0.0001840166369220242,0.0004597606894094497,9.640334610594437e-05,2.6128072931896895e-05,3.977620224304701e-07
46,3.865935923386132e-06,9.639130439609289e-05,0.00017789826961234212,1.4940264918550383e-05,0.00016171782044693828,2.5863810151349753e-06,0.00036819480010308325,0.00010037391621153802,7.82116603659233e-06,0.00012145812070230022,2.6952175176120363e-05,0.00038126338040456176,3.6573594115907326e-05,3.091337566729635e-05,0.00023807212710380554,5.372008672566153e-05,8.605272887507454e-05,0.9950641989707947,0.0016750411596149206,0.0006787491729483008,1.010119649436092e-05,0.0006632188451476395
47,0.0020967870950698853,0.00014232943067327142,0.00013114989269524813,2.30246896535391e-05,0.03826859965920448,3.115386061836034e-05,8.370259456569329e-05,0.05344805493950844,3.5683453461388126e-05,0.13306602835655212,0.0038814393337816,3.934114283765666e-05,0.0021879307460039854,4.0346287278225645e-05,0.00015290935698430985,0.00014202001329977065,0.0006540874601341784,6.92725443514064e-05,0.002319565275683999,0.7630255818367004,0.0001249176712008193,3.596119495341554e-05
48,0.9362269043922424,0.0008900708635337651,3.172418655594811e-05,0.0011378113413229585,0.005785588640719652,0.03877728804945946,2.800845686579123e-05,0.0019208762096241117,0.0017663626931607723,0.0011857135687023401,0.001252327929250896,1.902257645269856e-05,0.0014824190875515342,0.0002678169694263488,0.0034186968114227057,0.0018786548171192408,0.002913952339440584,1.2167118939032662e-06,0.00021394646319095045,0.0007507037953473628,4.525449548964389e-05,5.681733455276117e-06
49,0.004750960972160101,0.002334101125597954,0.004355286248028278,0.6947450637817383,0.03662891313433647,0.004176209215074778,0.004116235766559839,0.009731605648994446,0.0012202669167891145,0.020830834284424782,0.006395226810127497,0.0019150911830365658,0.00042824127012863755,0.04568198323249817,0.09571284055709839,0.005442798137664795,0.0021715762559324503,0.0006561452173627913,0.05286015197634697,0.005493503529578447,0.00030661889468319714,4.637038364307955e-05
50,0.001686901319772005,0.003148279618471861,0.002493966370820999,0.0005330273997969925,0.002412446541711688,0.009571366012096405,0.0003467754286248237,0.9176445007324219,0.00044701865408569574,0.005183386150747538,0.01632692478597164,0.002724258229136467,0.001463950495235622,0.0018107900395989418,0.008518196642398834,0.00147525523789227,0.007168701384216547,0.0048253233544528484,0.0023965095169842243,0.009213753044605255,0.0005630218656733632,4.5579094148706645e-05
51,0.052408333867788315,0.0003294697671663016,0.007628663443028927,0.012723792344331741,0.000250044307904318,0.022418977692723274,0.007542232051491737,0.004811092279851437,0.007347115781158209,0.00035518035292625427,0.00025395918055437505,0.00718727707862854,0.011614592745900154,0.0011062795529142022,0.8081863522529602,0.028867380693554878,0.008068162947893143,0.00344250095076859,0.008790633641183376,0.006309618707746267,0.00033682904904708266,2.153087370970752e-05
52,0.0031620084773749113,0.0001824029313866049,0.01893535815179348,5.791672083432786e-05,0.027485085651278496,0.011239204555749893,0.014460962265729904,0.02363821491599083,0.007094263099133968,0.32408130168914795,0.005984327290207148,0.38210880756378174,0.006043201312422752,0.00015982292825356126,0.003975950181484222,0.12295789271593094,0.013615156523883343,0.0035360490437597036,0.02490667812526226,0.005972072947770357,0.00039136779378168285,1.1952224667766131e-05
53,0.0019003741908818483,2.4137239051924553e-06,0.0016878945752978325,0.0007825326174497604,0.00020617165137082338,0.002329825423657894,0.0002121218858519569,0.0019846714567393064,0.8117868900299072,0.00028495636070147157,0.0004010869306512177,0.010262279771268368,0.00031202356331050396,0.00015779442037455738,0.06218031793832779,0.04388716071844101,0.061083510518074036,4.7978672228055075e-05,6.953719275770709e-05,0.0003627053811214864,5.635564593831077e-05,1.4227437077352079e-06
54,0.09385929256677628,1.5886573237366974e-05,0.009474797174334526,0.0026156501844525337,0.0004824790230486542,0.002351529663428664,0.005784897133708,0.003947858698666096,0.03634411469101906,0.0033944875467568636,0.0003520383033901453,0.009247267618775368,0.13541510701179504,0.0004890143754892051,0.07081513851881027,0.576429009437561,0.02340885065495968,0.0006370955379679799,0.013530840165913105,0.009186683222651482,0.0022086857352405787,9.315137504017912e-06
55,0.02283063717186451,0.00011717162851709872,0.11877286434173584,0.004427946172654629,0.08449134230613708,0.0020896538626402617,0.008296411484479904,0.0444670170545578,0.03318211808800697,0.01274187583476305,0.0035285870544612408,0.4786231517791748,0.009802761487662792,0.00034500850597396493,0.0022426496725529432,0.038692407310009,0.028561890125274658,0.004899756982922554,0.08449634164571762,0.008481861092150211,0.008825141005218029,8.343045192304999e-05
56,0.0034388015046715736,1.474076634622179e-05,0.01979913003742695,0.006542738527059555,0.01081014797091484,0.017329374328255653,0.0016006033401936293,0.006090150680392981,0.031374018639326096,0.00042464336729608476,0.000315448094625026,0.81468266248703,0.0005015137721784413,0.0007286599720828235,0.005844546016305685,0.01395314373075962,0.004741639364510775,0.0034446092322468758,0.056116268038749695,0.0008424906991422176,0.0012526573846116662,0.00015205635281745344
57,0.018514027819037437,0.0015816958621144295,0.014771068468689919,0.019259097054600716,0.012004590593278408,0.025987666100263596,0.009929304011166096,0.03073393553495407,0.003160191234201193,0.012719900347292423,0.03655065968632698,0.009016581811010838,0.00524551048874855,0.00436544930562377,0.00714052002876997,0.017314370721578598,0.00675783958286047,0.005842199083417654,0.7477187514305115,0.005924369674175978,0.00295256613753736,0.002509746700525284
58,0.7917396426200867,0.0007401112816296518,0.004151533357799053,0.05137684941291809,0.008661062456667423,0.0063435728661715984,0.0019148665014654398,0.0034536542370915413,0.0020986953750252724,0.002156517468392849,0.0024629319086670876,0.00290504633449018,0.0017380613135173917,0.0077008032239973545,0.020129960030317307,0.003525145584717393,0.06182191148400307,0.0014159980928525329,0.022649819031357765,0.002761620795354247,6.382826541084796e-05,0.000188338992302306
59,0.1535176783800125,0.0001922716764966026,0.0008705349173396826,0.0006817295216023922,0.00545725179836154,0.012221409007906914,0.0012967450311407447,0.062371861189603806,0.005172373726963997,0.022968197241425514,0.0038899644277989864,0.019717620685696602,0.020010096952319145,0.0020870028529316187,0.013676812872290611,0.05253200605511665,0.5693386793136597,0.0005287915118969977,0.0004466623649932444,0.052592795342206955,0.00042533152736723423,4.191028892819304e-06
60,0.006471617612987757,0.0012918460415676236,0.14311452209949493,0.08125355839729309,0.004286265932023525,0.0014354843879118562,0.24624744057655334,0.009920301847159863,0.008834372274577618,0.01001062709838152,0.018492024391889572,0.110153928399086,0.007233355659991503,0.020716924220323563,0.018178900703787804,0.08789286017417908,0.00902951043099165,0.0033464792650192976,0.1835702806711197,0.02677353285253048,0.0017324347281828523,1.3686269994650502e-05
61,7.72479543229565e-05,2.039720129687339e-06,0.006715580355376005,7.718933193245903e-05,0.013809596188366413,7.502853259211406e-05,0.006434638053178787,9.67560990829952e-05,3.2560615181864705e-06,0.0006466371123678982,0.0004397815791890025,0.003533259266987443,0.000268942560069263,8.079542749328539e-05,7.009579712757841e-05,0.001329359714873135,1.1618301869020797e-05,0.0004123393155168742,0.9640095829963684,0.0018558154115453362,4.6154007577570155e-05,4.259315119270468e-06
62,0.726868212223053,3.0130760933388956e-05,0.000636586279142648,0.0002757742768153548,0.0001486367400502786,0.005169468466192484,0.0009643964003771544,0.0015910386573523283,0.00438391650095582,0.018146516755223274,0.000536391802597791,0.001360440975986421,0.07142101973295212,0.010673719458281994,0.005391145125031471,0.020496578887104988,0.09580163657665253,0.00011525148147484288,6.478495197370648e-05,0.03568308427929878,0.00023927305301185697,1.9925887499994133e-06
63,0.08558417111635208,0.0004267590993549675,0.24808993935585022,0.5419749021530151,0.0015143277123570442,0.005857538431882858,0.003921530209481716,0.001900048227980733,0.016604876145720482,9.741889516590163e-05,0.001199280028231442,0.004941838793456554,0.007039253134280443,0.0493401475250721,0.01108087133616209,0.010636517778038979,0.0045340172946453094,9.547825902700424e-05,0.0008870899910107255,0.002044633962213993,0.0022292251233011484,1.0068201561352907e-07
64,0.0013520079664885998,0.00010073453449876979,0.0011532569769769907,3.484324406599626e-05,0.002029735129326582,1.609377795830369e-05,0.0007800149032846093,0.0005468104500323534,0.001274673966690898,5.22061345691327e-05,0.0007254955125972629,0.002599467057734728,0.008885079063475132,0.0023526304867118597,0.00038714311085641384,0.9532926082611084,0.019631482660770416,0.003953062929213047,0.0002603857428766787,0.0003502366307657212,0.0001890908315544948,3.29032372974325e-05
65,0.00013650658365804702,3.234631731174886e-05,4.256226475263247e-06,8.764192898524925e-05,0.00012393073120620102,0.00013961546937935054,3.685247429530136e-05,0.0006093229167163372,2.0379904981382424e-06,0.000493482337333262,0.00014089472824707627,6.631569249293534e-06,2.70287837338401e-05,9.337953815702349e-05,4.7778344196558464e-06,6.209979801496956e-07,2.712455398068414e-07,6.87333283622138e-08,1.1810534488176927e-05,0.9979087114334106,0.00013993019820190966,1.9282564434064398e-09
66,0.0004792289109900594,1.0823179763974622e-05,0.0004972720053046942,0.0030204260256141424,1.197338497149758e-05,7.819799975550268e-06,0.00018396276573184878,4.856869054492563e-06,0.9793557524681091,2.8595059120561928e-06,6.960315658943728e-06,9.804322326090187e-05,0.0008207931532524526,0.0024090700317174196,0.01064490620046854,0.0002861426619347185,0.001442338922061026,0.0002435393544146791,1.1413054608055972e-06,0.000340729602612555,0.00012655566388275474,4.909070412395522e-06
67,0.0004373508272692561,1.4551981621480081e-05,0.00013461137132253498,1.946646364103799e-07,2.516322865631082e-06,0.9987607002258301,6.837697128503351e-07,1.2596542546816636e-06,1.2026430340483785e-05,1.6207783119170927e-05,5.856944881088566e-06,8.239004273491446e-06,1.2649824157051626e-06,1.3134670098224888e-06,6.646291876677424e-05,0.0005088360048830509,2.6151736165047623e-05,3.69897179552936e-07,6.432488817154081e-07,1.590848768273645e-07,5.003830683136812e-09,6.6923217900694e-07
68,9.43637132877484e-05,3.8752596083213575e-06,1.3209712506068172e-06,7.752836609142832e-06,1.3720060678679147e-06,1.1917926912019539e-07,0.0008552929502911866,7.21539618098177e-05,0.005407665390521288,6.033980753272772e-05,3.0082273951848038e-06,1.656073800404556e-05,6.134001159807667e-05,6.970656249905005e-05,0.9926348328590393,0.0005313155124895275,0.00012702094682026654,6.3768170548428316e-06,2.466750083840452e-05,2.020205465669278e-05,5.668372864420235e-07,1.736040360356128e-07
69,0.00033427044400013983,4.5182255234976765e-06,0.00024404749274253845,1.5002715372247621e-06,0.9845677614212036,0.0006129809189587831,1.4747113709745463e-05,0.0009373363573104143,3.235060717088345e-07,0.006984034553170204,0.0014207654166966677,0.00047811903641559184,0.0001568950538057834,1.6549647341435048e-07,6.366267939483805e-07,0.00023715037968941033,0.00011809663556050509,1.9628467271104455e-05,0.0016963549423962831,0.0021676835604012012,2.712648665692541e-06,1.5295925948066724e-07
70,0.0032175909727811813,0.00011264122440479696,5.970287384116091e-05,0.0001689075434114784,0.0004295296093914658,5.86492888032808e-06,5.672621773555875e-05,0.002049907809123397,0.003347118617966771,3.351532723172568e-05,0.0008003392140381038,0.00046821299474686384,0.00029941508546471596,0.0003381095302756876,0.0007285614847205579,0.007870280183851719,0.9778203368186951,0.0013520177453756332,2.1545101844822057e-05,0.00038959391531534493,7.709756027907133e-05,0.00035301290336064994
71,0.0009977155132219195,0.001568924286402762,0.0012960170861333609,0.0053522586822509766,0.005066996440291405,2.3819426132831722e-05,0.00024021898570936173,0.9093856811523438,3.3543750760145485e-05,0.0014970151241868734,0.015187439508736134,0.0003647713747341186,0.004239825997501612,0.0005656876019202173,0.0001973606995306909,0.0009578534518368542,0.010223405435681343,0.000532555568497628,0.002387851709499955,0.02903357334434986,0.01079033687710762,5.72175340494141e-05
72,0.0001636492961551994,0.00014605396427214146,4.365608674561372e-06,3.081003796978621e-06,0.0001435996819054708,1.8047353478323203e-06,0.0001368378143524751,0.00017308186215814203,6.191537249833345e-05,8.344084108102834e-07,4.120020093978383e-06,0.0010016493033617735,0.0004489217244554311,4.014265414298279e-06,0.00013390631647780538,0.986354410648346,0.010448469780385494,4.658718899008818e-05,0.0006995924049988389,4.811586222785991e-06,1.7427248167223297e-05,8.66021366618952e-07
73,0.010451195761561394,0.0001522598322480917,0.00014579464914277196,0.00034251241595484316,1.6933082633840968e-06,0.0032927526626735926,0.000550122291315347,0.00018666493997443467,0.006701563950628042,0.002067370107397437,0.00011912982154171914,5.7684050261741504e-05,0.00038527100696228445,0.00129420415032655,0.9728556275367737,0.0005315289017744362,0.0006026709452271461,2.246240228487295e-06,1.6354306353605352e-05,0.00018467222980689257,5.5543183407280594e-05,3.1460604077437893e-06
74,7.964723045006394e-05,2.7140555175719783e-05,0.973242998123169,0.019735200330615044,0.00020806696556974202,0.0005491593037731946,0.0006971111870370805,0.00013248591858427972,0.00010511288564885035,1.9120805518468842e-05,0.0006313612102530897,0.002085138112306595,3.490650487947278e-05,9.450686775380746e-05,0.0007811334216967225,5.4842475947225466e-05,0.00016023017815314233,2.9027733035036363e-05,0.0007794694975018501,0.00044107952271588147,0.00011203066969756037,2.9617729069286725e-07
75,0.0002704983635339886,0.001442414941266179,0.3594302535057068,0.014055159874260426,0.00042538688285276294,4.262997754267417e-05,0.006392037961632013,0.0027663379441946745,0.007799700368195772,9.478489664616063e-05,0.0003180975909344852,0.5675550699234009,9.452617086935788e-05,0.0023821706417948008,0.0007427557720802724,0.004869265016168356,0.02626972086727619,0.0011641753371804953,0.0011627317871898413,0.0007468570838682353,0.0019541203510016203,2.134995156666264e-05
76,0.3025750517845154,0.00012399296974763274,0.018504612147808075,0.003448875853791833,0.0018962350441142917,0.0031165280379354954,0.0013449975522235036,0.0007166884606704116,0.0012894157553091645,0.0008906804141588509,0.0013539870269596577,0.0016238997923210263,0.015960510820150375,0.0003589274128898978,0.0016806594794616103,0.5937153100967407,0.020056795328855515,0.00034949270775541663,0.006361888721585274,0.023710129782557487,0.0009085385245271027,1.2824696568713989e-05
77,0.004894049372524023,0.0005960515700280666,0.00044389619142748415,0.004119992721825838,0.00029166584135964513,0.00032250414369627833,0.00032191709033213556,0.009569325484335423,0.8412129878997803,0.00021452833607327193,0.0026177202817052603,0.0017583620501682162,0.00029060605447739363,0.05644020065665245,0.06242700293660164,0.001865512691438198,0.011279633268713951,0.0006898567080497742,3.5132998164044693e-06,0.00029515300411731005,0.0002606631023809314,8.496293594362214e-05
78,0.0007969390135258436,0.0001712822268018499,0.003969923127442598,0.003684468800202012,0.0026392366271466017,0.008553748950362206,0.00276278518140316,0.0034434970002621412,0.09938200563192368,0.00010321589070372283,0.0031630692537873983,0.4501194655895233,0.0004805080243386328,0.0054557169787585735,0.006832004990428686,0.3496575951576233,0.0553770437836647,0.002011039759963751,0.00037371215876191854,0.000492678489536047,0.0004894844605587423,4.0681341488379985e-05
79,0.025367269292473793,0.0016611405881121755,0.0014018346555531025,0.0008991652866825461,0.005042523145675659,0.0045430320315063,0.0005164562026038766,0.03067563846707344,0.0001174740755232051,0.021911362186074257,0.011673454195261002,0.01106894388794899,0.0018763310508802533,0.000389883469324559,0.002066359855234623,0.09771347045898438,0.7649857997894287,0.0009214733727276325,0.0006199479103088379,0.01582028530538082,0.000568598392419517,0.00015952401736285537
80,0.0665840432047844,0.00040993266156874597,0.000844063819386065,0.0043839807622134686,0.0017209075158461928,0.0002763914817478508,0.0014852902386337519,0.01234435848891735,5.815495751448907e-05,0.3913886845111847,0.005852031521499157,0.0003508694935590029,0.0016227088635787368,0.006464164704084396,0.003737207967787981,0.0007147375727072358,0.003934388980269432,1.9468363461783156e-05,0.0010164108825847507,0.49655601382255554,0.00017487799050286412,6.125452637206763e-05
81,3.7616307963617146e-05,4.673183866543695e-06,0.003249832196161151,0.004286398645490408,0.0030605506617575884,9.524911774860811e-07,0.002413059351965785,8.317927495227195e-06,6.851682883279864e-07,1.4325228221423458e-06,1.2178313227195758e-05,0.0008659898885525763,0.00023683131439611316,5.4338950576493517e-05,0.00014539457333739847,0.010937506332993507,0.00020049339218530804,0.0004588071024045348,0.9738011956214905,0.0001238371041836217,9.38789889914915e-05,6.088317604735494e-06
82,0.00030246670939959586,0.0022111956495791674,7.976771303219721e-05,6.568099342985079e-05,0.01584600657224655,0.000716863083653152,0.00019987404812127352,0.0014426708221435547,2.30514459076403e-07,0.9526201486587524,0.022741420194506645,0.000249144941335544,5.963117291685194e-05,0.00022064892982598394,2.3205327579489676e-06,6.366360321408138e-05,0.00032139892573468387,6.392932391463546e-06,0.001118680345825851,0.001530513633042574,7.442653441103175e-05,0.00012696253543253988
83,0.004617001861333847,0.00040259971865452826,0.0008331334101967514,0.06707160919904709,0.00010607569856802002,0.00033397588413208723,0.0011937973322346807,0.0002033193886745721,0.000674187729600817,1.1748201359296218e-05,8.292211714433506e-05,0.00020100203983020037,0.0002535774256102741,0.9168931841850281,0.0036891689524054527,0.00019413088739383966,0.0011198539286851883,3.876582923112437e-05,0.0005804112879559398,0.0007748691132292151,0.0007221258711069822,2.6229408831568435e-06
84,0.00013539253268390894,5.002849502488971e-05,8.380250073969364e-05,2.1185520381550305e-05,0.0004172754706814885,0.00280732661485672,1.960646841325797e-05,0.0023936021607369184,5.813208190375008e-06,0.002259045373648405,0.9898089170455933,0.00011996566172456369,0.00011334185546729714,8.54947284096852e-05,1.0459834811626934e-05,2.638228215801064e-05,5.9423000493552536e-05,0.0008023185073398054,2.4856642994564027e-05,0.0004532135499175638,9.326092549599707e-05,0.00020919270173180848
85,0.0009692523162811995,1.9706985767697915e-06,0.022500762715935707,8.577229164075106e-05,7.148672011680901e-05,0.0009440667927265167,0.0034487980883568525,0.00035070712328888476,0.004280975554138422,0.0004086853878106922,0.00038990992470644414,0.9156328439712524,0.00017030614253599197,0.00014037110668141395,0.005957948509603739,0.036841653287410736,0.004431954585015774,0.0008167241467162967,0.00050251284847036,0.0019059879705309868,0.00013425432553049177,1.2877706467406824e-05
86,0.0032801986671984196,5.440329186967574e-05,0.0018463764572516084,0.00012032248196192086,0.0003472649841569364,0.0008365762769244611,0.014433288015425205,0.0010406109504401684,0.009287428110837936,0.006934257224202156,0.0003420455032028258,0.06406228989362717,0.007529782596975565,0.0005772147560492158,0.0597415454685688,0.8081799745559692,0.013798435218632221,0.0008633871912024915,0.0050101554952561855,0.0012854314409196377,0.0003841952420771122,4.479217386688106e-05
87,0.00014490648754872382,1.4473467899733805e-06,3.997346539108548e-06,2.7161146931575786e-07,0.00013981062511447817,2.232252427347703e-06,0.00015782672562636435,0.0005883483099751174,0.00048186638741753995,0.9932796359062195,0.00039528508204966784,4.712723966804333e-05,0.0006336360820569098,1.1726142474799417e-05,6.298075459199026e-05,0.0001024590601446107,1.4989742339821532e-05,3.456111016930663e-06,4.520311267697252e-05,0.003857094794511795,2.207389843533747e-05,3.6142957924312213e-06
88,0.00135545723605901,0.00042812651372514665,0.00022773261298425496,0.0008305791416205466,1.8843997168005444e-05,4.330589217715897e-05,0.00044746900675818324,0.001186798675917089,0.5015391111373901,8.18746138975257e-06,1.1564356100279838e-05,0.00040508952224627137,0.00019440826145000756,0.033149342983961105,0.4496363699436188,0.00046343746362254024,0.009191194549202919,1.0577735338301864e-05,2.267423587909434e-05,6.524925083795097e-06,0.00043313181959092617,0.00039002596167847514
89,0.49691247940063477,0.00024917375412769616,0.002417154610157013,0.0006454969407059252,0.0021746945567429066,0.0007580207311548293,0.007645928766578436,0.001365016563795507,0.001464169123210013,0.0017495504580438137,0.0010700745042413473,0.004334236029535532,0.3872428238391876,0.0009737111395224929,0.0031987179536372423,0.05268578976392746,0.006536006461828947,0.0011673112167045474,0.0020969323813915253,0.02164284512400627,0.003629800397902727,4.0162442019209266e-05
90,0.0014742863131687045,0.00015481124864891171,0.12750864028930664,0.7763500213623047,0.00010047807154478505,0.07562194764614105,0.0002811391022987664,3.0911443900549784e-05,0.0011179940775036812,4.523676125245402e-06,0.00023213564418256283,0.0010587003780528903,0.00022964723757468164,0.0010152363684028387,0.0005120265996083617,0.009904155507683754,0.0005989563651382923,0.0003108329838141799,0.0022558376658707857,4.504400567384437e-05,0.0011331640416756272,5.9465921367518604e-05
91,1.2898562999907881e-05,0.0005273978458717465,0.9907793998718262,0.000965899380389601,0.0002173720276914537,0.0038412197027355433,0.00045586106716655195,0.0001387767551932484,0.0003414466045796871,0.00010500894859433174,0.0004574430058710277,0.00022607427672483027,1.42533281177748e-05,0.00020303507335484028,0.00046032079262658954,9.212699660565704e-05,0.00018273723253514618,5.4421161621576175e-05,0.0005699996836483479,0.00019514578161761165,8.421715756412596e-05,7.493193697882816e-05
92,0.0066985441371798515,0.00018887913029175252,0.00032230495708063245,4.713686212198809e-05,6.276304338825867e-05,0.0006570301484316587,3.2982959965011105e-05,0.00014380147331394255,0.000575345242395997,2.776114342850633e-05,0.0008281322079710662,0.00013148794823791832,0.0010140035301446915,5.999787390464917e-05,0.0005832911119796336,0.058395519852638245,0.9294683337211609,0.0003107877855654806,1.803100894903764e-05,0.0003909514343831688,1.143436020356603e-05,3.14113603963051e-05
93,0.9328079223632812,2.0072593542863615e-05,0.00031004700576886535,0.0007660141563974321,0.00036198075395077467,0.04230615496635437,5.0042344810208306e-05,0.00016620296810287982,0.0003809762711171061,0.002071768743917346,0.0031603057868778706,0.0002842542598955333,0.0008105275337584317,0.00018020218703895807,0.0032062213867902756,0.0034546214155852795,0.008075135760009289,0.00010973723692586645,6.158865289762616e-05,0.001409629243426025,5.5005457397783175e-06,1.0963324257318163e-06
94,0.004955308977514505,0.0026774441357702017,0.0012769747991114855,0.005302927456796169,0.004300051834434271,6.455530092353001e-05,0.0034282284323126078,0.05217011272907257,0.00045260752085596323,0.06705565005540848,0.08769362419843674,0.004650995135307312,0.0009618009789846838,0.00034161415533162653,0.008880792185664177,0.0027540982700884342,0.03289955481886864,0.0006270561716519296,0.007598958443850279,0.7097455263137817,0.002042082604020834,0.00012004221207462251
95,2.849450356734451e-05,0.000187919577001594,0.00021068728528916836,0.0008581670117564499,0.012723767198622227,5.350776336854324e-05,0.0005055766669102013,0.00046519862371496856,1.6704039808246307e-05,0.0011078014504164457,0.0010743581224232912,0.0004964241525158286,3.805843516602181e-05,2.4854887669789605e-05,0.00015809467004146427,0.00046984292566776276,0.00020536870579235256,0.0018501271260902286,0.9786486029624939,0.0004671353963203728,0.00010952579032164067,0.00029967783484607935
96,0.0009022181038744748,0.005863422993570566,0.0012229207204654813,0.003004869446158409,0.19164101779460907,0.0023157810792326927,0.001007143291644752,0.006218368653208017,0.00018161577463615686,0.00506393751129508,0.0025114896707236767,0.0010107331909239292,0.00030497260740958154,0.00011211261880816892,0.0007633424247615039,0.0014546385500580072,0.0009977937443181872,0.0028500044718384743,0.7695731520652771,0.0016140415100380778,0.00039397645741701126,0.000992462271824479
97,0.002966851694509387,0.9756986498832703,0.0017883091932162642,0.0004342399479355663,0.00035503265098668635,0.0017766995588317513,0.0012790699256584048,0.0009077522554434836,0.0003409394121263176,1.3418215530691668e-05,0.0005817451165057719,8.430713933194056e-05,0.0002527539909351617,0.0007809977978467941,0.006155021488666534,0.0007463122019544244,0.0051850625313818455,0.0001503116509411484,0.0001204475192935206,0.0002664750791154802,4.7778579755686224e-05,6.786775338696316e-05
98,0.7237728834152222,0.002321002772077918,0.014524023979902267,0.0016564157558605075,0.003837095806375146,0.008793040178716183,0.0047442917712032795,0.005066391546279192,0.005036617163568735,0.0011410258011892438,0.004209042061120272,0.03284973278641701,0.005328974686563015,0.0009188589174300432,0.019646426662802696,0.021854927763342857,0.06986875087022781,0.010828172788023949,0.003313569352030754,0.05986886844038963,0.0003274676273576915,9.237123595084995e-05
99,0.09015346318483353,0.005513730458915234,0.021686628460884094,0.003041909309104085,0.009721378795802593,0.0023269671946763992,0.010345075279474258,0.03309888765215874,0.01607310213148594,0.010314125567674637,0.001963000511750579,0.006208675913512707,0.05024115741252899,0.00465103704482317,0.17437002062797546,0.08765415847301483,0.31808072328567505,0.016738587990403175,0.016889264807105064,0.11890634149312973,0.0015391766792163253,0.00048261956544592977
100,0.02206771820783615,0.01608899235725403,0.19705748558044434,0.11332851648330688,0.007644600234925747,0.021982531994581223,0.03090469352900982,0.019396770745515823,0.033897824585437775,0.025050872936844826,0.009959114715456963,0.005004661623388529,0.016844237223267555,0.04814869537949562,0.11553537100553513,0.04989159107208252,0.020501544699072838,0.0032867039553821087,0.061897117644548416,0.17293010652065277,0.00830006878823042,0.0002808012650348246
101,0.04556931555271149,0.00958618801087141,0.07427866756916046,0.015570733696222305,0.04505351930856705,0.1693560928106308,0.01936178468167782,0.008339346386492252,0.06733618676662445,0.0147218843922019,0.003917153924703598,0.005511091090738773,0.10831835120916367,0.015951894223690033,0.11623869091272354,0.13407374918460846,0.059505607932806015,0.018371500074863434,0.04970221966505051,0.015521960332989693,0.003393238876014948,0.00032081318204291165
102,0.09013447910547256,0.03000682406127453,0.05884065851569176,0.04674335941672325,0.060582008212804794,0.2403162270784378,0.017766891047358513,0.007044121623039246,0.013896714895963669,0.011445132084190845,0.003190449206158519,0.008974581025540829,0.026912586763501167,0.02119390107691288,0.11981890350580215,0.12567082047462463,0.05111025273799896,0.005268621724098921,0.052394166588783264,0.006293941754847765,0.002077961340546608,0.0003174339362885803
103,0.03858485072851181,0.05256669595837593,0.15996690094470978,0.03258110582828522,0.018945949152112007,0.02383524365723133,0.08011003583669662,0.021601485088467598,0.00808872189372778,0.025956569239497185,0.013852162286639214,0.023960022255778313,0.06715226173400879,0.008817334659397602,0.06525077670812607,0.128174290060997,0.04357679560780525,0.010147913359105587,0.09724568575620651,0.06886410713195801,0.008502758108079433,0.002218409674242139
104,0.03246237337589264,0.005597527138888836,0.1254701018333435,0.06874895840883255,0.04767416790127754,0.027813058346509933,0.040566615760326385,0.02195150777697563,0.020369399338960648,0.025698740035295486,0.0031269562896341085,0.04081030562520027,0.03668603301048279,0.007476253900676966,0.10372348874807358,0.04634368419647217,0.08560909330844879,0.03189034387469292,0.1891660839319229,0.03456658497452736,0.0035380516201257706,0.0007106728735379875
105,0.07629536837339401,0.0065555754117667675,0.057113297283649445,0.038925640285015106,0.06092723086476326,0.06702162325382233,0.016025422140955925,0.021545395255088806,0.01623743399977684,0.10121867060661316,0.019801978021860123,0.03427579253911972,0.06335204839706421,0.004640642553567886,0.023222168907523155,0.07891629636287689,0.09690479934215546,0.07377411425113678,0.1068313717842102,0.02445145510137081,0.007172110490500927,0.0047915177419781685
106,0.07385842502117157,0.007265698630362749,0.05917654559016228,0.023618629202246666,0.019858457148075104,0.1233815848827362,0.01981220580637455,0.011251982301473618,0.009548322297632694,0.02095675654709339,0.005514087155461311,0.01672840304672718,0.11590006202459335,0.010858900845050812,0.07478122413158417,0.14977218210697174,0.06907795369625092,0.09535085409879684,0.04698014259338379,0.03991812467575073,0.004699071403592825,0.0016903987852856517
107,0.010746968910098076,0.002842657035216689,0.003966937772929668,0.0033921035937964916,0.16939055919647217,0.01701740361750126,0.01005658321082592,0.04473600164055824,0.003457938088104129,0.2991289496421814,0.17086753249168396,0.020614145323634148,0.004221454728394747,0.0018319061491638422,0.03803817555308342,0.02723955549299717,0.009792308323085308,0.007657879032194614,0.13328798115253448,0.01556022185832262,0.0013794011902064085,0.004773297347128391
108,0.3046201169490814,0.004430748522281647,0.25237932801246643,0.04723038524389267,0.007508125621825457,0.10881876200437546,0.028660807758569717,0.002571494784206152,0.0063295080326497555,0.03786415234208107,0.002820114139467478,0.01734272763133049,0.010621463879942894,0.019254963845014572,0.020087910816073418,0.042475417256355286,0.02148285135626793,0.009546957910060883,0.03191434219479561,0.02306847833096981,0.0005227645160630345,0.0004486193065531552
109,0.006794104352593422,0.0025770498905330896,0.00843860488384962,0.005214372184127569,0.029860027134418488,0.00027632591081783175,0.008898804895579815,0.015370323322713375,0.0006104855565354228,0.01744023896753788,0.0040586707182228565,0.002136844675987959,0.010749281384050846,0.0019580386579036713,0.001685285591520369,0.005186611320823431,0.00231574778445065,0.0025369501672685146,0.7346290946006775,0.1371854692697525,0.0017670958768576384,0.000310593459289521
110,0.00013272925571072847,0.0010975851910188794,0.0013293998781591654,0.0009353023488074541,0.0014974544756114483,0.0001757374411681667,0.0016644462011754513,0.001753993914462626,0.0011264060158282518,0.00013114625471644104,0.0027455610688775778,0.0005709024844691157,0.002076223026961088,0.005177964922040701,0.0017685391940176487,0.0019599171355366707,0.0015943049220368266,0.9660745859146118,0.0039009456522762775,0.0009768168674781919,0.0002806238771881908,0.0030293164309114218
111,8.78124192240648e-05,0.0005716403829865158,0.00015676215116400272,3.621208816184662e-05,4.9536054575582966e-05,0.9983577132225037,9.142901944869664e-06,5.6477128964615986e-05,4.648589310818352e-05,3.42088496836368e-05,0.00015163033094722778,0.000131118533317931,4.249034645908978e-06,2.4743629182921723e-05,3.6739576898980886e-05,1.4720959370606579e-05,9.364924153487664e-06,0.0001316033594775945,1.060646627593087e-05,1.895993045764044e-05,9.55782161327079e-06,5.0755035772453994e-05
112,0.0031019547022879124,0.00038651234353892505,1.1417391760915052e-05,0.0005390451406128705,0.0003968476958107203,1.5056776646815706e-05,0.0013780767330899835,3.5315690183779225e-05,0.0007392673287540674,0.00017630872025620192,8.677275218360592e-06,1.2915989827888552e-05,0.015731707215309143,0.9717240333557129,0.001853620051406324,0.0014324374496936798,0.0013572156894952059,0.000516872969456017,0.0001573333574924618,0.00017343762738164514,0.0002168069768231362,3.519273377605714e-05
113,6.579561886610463e-05,2.447308725095354e-05,4.076796176377684e-05,5.1858365623047575e-05,2.1204972711075243e-07,0.9997602105140686,1.2997568887840316e-07,1.0979650824083365e-06,3.5185462365916464e-07,4.4545706145981967e-07,1.5355977666331455e-05,1.1985038383954816e-07,1.2509467239851801e-07,1.0158095392398536e-05,2.5015273422468454e-05,5.177662387723103e-07,4.766861820826307e-07,1.182717781489373e-07,5.574565165034073e-08,2.155858055630233e-06,3.2618441991871805e-07,2.0291936664307286e-07
114,0.0009361138218082488,2.493771717126947e-05,0.00043122554779984057,0.0005976746906526387,0.0017835507169365883,2.60980650637066e-05,9.344676800537854e-05,0.0037790711503475904,3.520050086081028e-05,0.0006990025285631418,0.0001424016954842955,0.0002737437607720494,0.0012234169989824295,0.00017227220814675093,0.0013874862343072891,0.004414635710418224,0.980975866317749,0.001145624672062695,0.0010316134430468082,0.0006354058859869838,0.00018596627342049032,5.187807346374029e-06
115,0.01390256080776453,0.003300039330497384,0.0004949950962327421,0.020646793767809868,0.00024124051560647786,0.006039060186594725,0.0023782001808285713,0.009329089894890785,0.002208069432526827,0.3876916766166687,0.011864339001476765,0.0014157590921968222,0.0036954390816390514,0.30210423469543457,0.009781996719539165,0.17022141814231873,0.04709744080901146,7.386938523268327e-05,0.0004655848315451294,0.002194429514929652,0.0048076920211315155,4.605506546795368e-05
116,0.0007542083039879799,1.433219586033374e-05,0.0001452407886972651,1.7062500774045475e-05,0.0009073841501958668,5.059770955995191e-06,0.0005741195054724813,0.0005304956575855613,6.0404647229006514e-05,0.021216679364442825,0.00019420526223257184,3.6874862416880205e-05,0.00241612596437335,2.8148078854428604e-05,0.0002422417892375961,4.0114795410772786e-05,0.00018140094471164048,1.0935443242487963e-05,0.0005832031019963324,0.9718106389045715,0.00023087422596290708,3.2431006502520177e-07
117,0.00010711004870245233,2.6309446184313856e-05,5.6266741012223065e-05,7.102412200765684e-05,0.00017302179185207933,3.8538550143130124e-05,7.847409506211989e-06,0.0016014381544664502,0.00016808338114060462,4.1248862544307485e-05,4.2324900277890265e-05,0.0013542703818529844,5.059515387983993e-05,0.0004040325293317437,1.0443788596603554e-05,0.0010682308347895741,0.9903982877731323,0.002318126615136862,0.00015361457190010697,0.0017501934198662639,0.00012108671216992661,3.79057637474034e-05
118,0.0008683510241098702,8.380387953366153e-06,9.763272828422487e-05,2.67203222392709e-06,0.00025415600975975394,2.3576745661557652e-05,5.9591711760731414e-05,0.0006723865517415106,2.4016924271563767e-06,0.0035477643832564354,0.004346985835582018,1.9314040400786325e-05,0.004222522955387831,1.0534873950973633e-07,1.2898173736175522e-05,0.00020184220920782536,1.5389010513899848e-05,2.941832235592301e-06,9.684541146270931e-05,0.985493004322052,4.813556370208971e-05,3.1579259029967943e-06
119,0.0015171398408710957,0.00021593121346086264,0.0003099887690041214,0.0014155114768072963,3.1126925023272634e-05,0.00018765780259855092,0.0007102097733877599,0.00019863172201439738,0.005099124740809202,6.610217496927362e-06,0.00014247623039409518,0.0009165951632894576,0.000953715993091464,0.0007875536102801561,0.0011520044645294547,0.9853373169898987,0.00023372794385068119,4.544891453406308e-06,0.00010125146218342707,4.7263245505746454e-05,0.0006299591041170061,1.6491206906721345e-06
